id,first_name,last_name,email,gender,ip_address
1,Federica,Upston,fupston0@twitpic.com,Female,44.129.16.46
2,Linell,Butchard,lbutchard1@so-net.ne.jp,Female,98.236.211.150
3,Lorenzo,Bott,lbott2@hp.com,Male,113.31.137.7
4,Emma,Belhomme,ebelhomme3@weebly.com,Female,71.101.92.218
5,Frazer,Duthy,fduthy4@baidu.com,Male,67.12.159.59
6,Arline,Polack,apolack5@g.co,Female,16.63.138.99
7,Isador,Chalk,ichalk6@wsj.com,Male,96.218.24.89
8,Morse,Howood,mhowood7@yellowbook.com,Male,71.172.120.162
9,Hayden,Korpolak,hkorpolak8@sciencedirect.com,Male,10.124.199.121
10,Melantha,Lanegran,mlanegran9@live.com,Female,154.58.152.223
